original_prompt,optimized_prompt,original_tokens,optimized_tokens,token_reduction,task
Please carefully summarize the following text in a clear and concise manner.,summarize the following text clearly.,13,8,5,summarization
Please carefully Please carefully summarize the following text in a clear and concise manner. with detailed explanation.,summarize the following text clearly. with detailed explanation.,19,12,7,summarization
Kindly Please carefully summarize the following text in a clear and concise manner. while maintaining clarity.,kindly summarize the following text clearly. while maintaining clarity.,19,12,7,summarization
"In a very detailed manner, please Please carefully summarize the following text in a clear and concise manner. and explain each step carefully.",", summarize the following text clearly. and explain each step .",26,12,14,summarization
"With proper explanation, Please carefully summarize the following text in a clear and concise manner. with all necessary details.",", summarize the following text clearly. with all necessary details.",22,12,10,summarization
Answer the following question in a very detailed manner with explanation.,answer the following question .,12,5,7,qa
Please carefully Answer the following question in a very detailed manner with explanation. with detailed explanation.,answer the following question . with detailed explanation.,18,9,9,qa
Kindly Answer the following question in a very detailed manner with explanation. while maintaining clarity.,kindly answer the following question . while maintaining clarity.,18,11,7,qa
"In a very detailed manner, please Answer the following question in a very detailed manner with explanation. and explain each step carefully.",", answer the following question . and explain each step .",25,11,14,qa
"With proper explanation, Answer the following question in a very detailed manner with explanation. with all necessary details.",", answer the following question . with all necessary details.",21,11,10,qa
Explain the concept of overfitting in machine learning clearly and in detail.,explain the concept of overfitting in machine learning clearly and in detail.,16,15,1,explanation
Please carefully Explain the concept of overfitting in machine learning clearly and in detail. with detailed explanation.,explain the concept of overfitting in machine learning clearly and in detail. with detailed explanation.,21,19,2,explanation
Kindly Explain the concept of overfitting in machine learning clearly and in detail. while maintaining clarity.,kindly explain the concept of overfitting in machine learning clearly and in detail. while maintaining clarity.,21,21,0,explanation
"In a very detailed manner, please Explain the concept of overfitting in machine learning clearly and in detail. and explain each step carefully.",", explain the concept of overfitting in machine learning clearly and in detail. and explain each step .",28,21,7,explanation
"With proper explanation, Explain the concept of overfitting in machine learning clearly and in detail. with all necessary details.",", explain the concept of overfitting in machine learning clearly and in detail. with all necessary details.",24,21,3,explanation
Please carefully analyze the problem and provide a step-by-step solution.,analyze the problem and provide a step-by-step solution.,13,11,2,reasoning
Please carefully Please carefully analyze the problem and provide a step-by-step solution. with detailed explanation.,analyze the problem and provide a step-by-step solution. with detailed explanation.,19,15,4,reasoning
Kindly Please carefully analyze the problem and provide a step-by-step solution. while maintaining clarity.,kindly analyze the problem and provide a step-by-step solution. while maintaining clarity.,19,17,2,reasoning
"In a very detailed manner, please Please carefully analyze the problem and provide a step-by-step solution. and explain each step carefully.",", analyze the problem and provide a step-by-step solution. and explain each step .",26,17,9,reasoning
"With proper explanation, Please carefully analyze the problem and provide a step-by-step solution. with all necessary details.",", analyze the problem and provide a step-by-step solution. with all necessary details.",22,17,5,reasoning
Classify the following email and explain your reasoning in a detailed manner.,classify the following email and explain your reasoning .,14,9,5,classification
Please carefully Classify the following email and explain your reasoning in a detailed manner. with detailed explanation.,classify the following email and explain your reasoning . with detailed explanation.,20,13,7,classification
Kindly Classify the following email and explain your reasoning in a detailed manner. while maintaining clarity.,kindly classify the following email and explain your reasoning . while maintaining clarity.,20,15,5,classification
"In a very detailed manner, please Classify the following email and explain your reasoning in a detailed manner. and explain each step carefully.",", classify the following email and explain your reasoning . and explain each step .",27,15,12,classification
"With proper explanation, Classify the following email and explain your reasoning in a detailed manner. with all necessary details.",", classify the following email and explain your reasoning . with all necessary details.",23,15,8,classification
Provide a detailed summary of the given article while covering all important points.,provide a detailed summary of the given article while covering all important points.,14,14,0,summarization
Please carefully Provide a detailed summary of the given article while covering all important points. with detailed explanation.,provide a detailed summary of the given article while covering all important points. with detailed explanation.,20,18,2,summarization
Kindly Provide a detailed summary of the given article while covering all important points. while maintaining clarity.,kindly provide a detailed summary of the given article while covering all important points. while maintaining clarity.,20,20,0,summarization
"In a very detailed manner, please Provide a detailed summary of the given article while covering all important points. and explain each step carefully.",", provide a detailed summary of the given article while covering all important points. and explain each step .",27,20,7,summarization
"With proper explanation, Provide a detailed summary of the given article while covering all important points. with all necessary details.",", provide a detailed summary of the given article while covering all important points. with all necessary details.",23,20,3,summarization
Please answer the question below clearly and concisely with all necessary details.,answer the question below clearly and concisely with all necessary details.,15,14,1,qa
Please carefully Please answer the question below clearly and concisely with all necessary details. with detailed explanation.,answer the question below clearly and concisely with all necessary details. with detailed explanation.,21,18,3,qa
Kindly Please answer the question below clearly and concisely with all necessary details. while maintaining clarity.,kindly answer the question below clearly and concisely with all necessary details. while maintaining clarity.,21,20,1,qa
"In a very detailed manner, please Please answer the question below clearly and concisely with all necessary details. and explain each step carefully.",", answer the question below clearly and concisely with all necessary details. and explain each step .",28,20,8,qa
"With proper explanation, Please answer the question below clearly and concisely with all necessary details. with all necessary details.",", answer the question below clearly and concisely with all necessary details. with all necessary details.",24,20,4,qa
Explain how backpropagation works in neural networks in a detailed manner.,explain how backpropagation works in neural networks .,15,10,5,explanation
Please carefully Explain how backpropagation works in neural networks in a detailed manner. with detailed explanation.,explain how backpropagation works in neural networks . with detailed explanation.,20,14,6,explanation
Kindly Explain how backpropagation works in neural networks in a detailed manner. while maintaining clarity.,kindly explain how backpropagation works in neural networks . while maintaining clarity.,20,16,4,explanation
"In a very detailed manner, please Explain how backpropagation works in neural networks in a detailed manner. and explain each step carefully.",", explain how backpropagation works in neural networks . and explain each step .",27,16,11,explanation
"With proper explanation, Explain how backpropagation works in neural networks in a detailed manner. with all necessary details.",", explain how backpropagation works in neural networks . with all necessary details.",23,16,7,explanation
Carefully go through the problem statement and derive the correct solution.,go through the problem statement and derive the correct solution.,13,11,2,reasoning
Please carefully Carefully go through the problem statement and derive the correct solution. with detailed explanation.,go through the problem statement and derive the correct solution. with detailed explanation.,19,15,4,reasoning
Kindly Carefully go through the problem statement and derive the correct solution. while maintaining clarity.,kindly go through the problem statement and derive the correct solution. while maintaining clarity.,19,17,2,reasoning
"In a very detailed manner, please Carefully go through the problem statement and derive the correct solution. and explain each step carefully.",", go through the problem statement and derive the correct solution. and explain each step .",26,17,9,reasoning
"With proper explanation, Carefully go through the problem statement and derive the correct solution. with all necessary details.",", go through the problem statement and derive the correct solution. with all necessary details.",22,17,5,reasoning
Determine whether the sentiment of the following review is positive or negative and explain why.,determine whether the sentiment of the following review is positive or negative and explain why.,17,17,0,classification
Please carefully Determine whether the sentiment of the following review is positive or negative and explain why. with detailed explanation.,determine whether the sentiment of the following review is positive or negative and explain why. with detailed explanation.,22,21,1,classification
Kindly Determine whether the sentiment of the following review is positive or negative and explain why. while maintaining clarity.,kindly determine whether the sentiment of the following review is positive or negative and explain why. while maintaining clarity.,22,22,0,classification
"In a very detailed manner, please Determine whether the sentiment of the following review is positive or negative and explain why. and explain each step carefully.",", determine whether the sentiment of the following review is positive or negative and explain why. and explain each step .",29,22,7,classification
"With proper explanation, Determine whether the sentiment of the following review is positive or negative and explain why. with all necessary details.",", determine whether the sentiment of the following review is positive or negative and explain why. with all necessary details.",25,22,3,classification
"In a very detailed manner, summarize the following research paper clearly.",", summarize the following research paper clearly.",13,8,5,summarization
"Please carefully In a very detailed manner, summarize the following research paper clearly. with detailed explanation.",", summarize the following research paper clearly. with detailed explanation.",19,12,7,summarization
"Kindly In a very detailed manner, summarize the following research paper clearly. while maintaining clarity.","kindly , summarize the following research paper clearly. while maintaining clarity.",19,14,5,summarization
"In a very detailed manner, please In a very detailed manner, summarize the following research paper clearly. and explain each step carefully.",", , summarize the following research paper clearly. and explain each step .",26,14,12,summarization
"With proper explanation, In a very detailed manner, summarize the following research paper clearly. with all necessary details.",", , summarize the following research paper clearly. with all necessary details.",22,14,8,summarization
Kindly answer the following technical question with proper reasoning.,kindly answer the following technical question with proper reasoning.,11,11,0,qa
Please carefully Kindly answer the following technical question with proper reasoning. with detailed explanation.,kindly answer the following technical question with proper reasoning. with detailed explanation.,17,15,2,qa
Kindly Kindly answer the following technical question with proper reasoning. while maintaining clarity.,kindly kindly answer the following technical question with proper reasoning. while maintaining clarity.,17,16,1,qa
"In a very detailed manner, please Kindly answer the following technical question with proper reasoning. and explain each step carefully.",", kindly answer the following technical question with proper reasoning. and explain each step .",24,16,8,qa
"With proper explanation, Kindly answer the following technical question with proper reasoning. with all necessary details.",", kindly answer the following technical question with proper reasoning. with all necessary details.",20,16,4,qa
Explain the working of gradient descent in machine learning with clarity and detail.,explain the working of gradient descent in machine learning with clarity and detail.,15,14,1,explanation
Please carefully Explain the working of gradient descent in machine learning with clarity and detail. with detailed explanation.,explain the working of gradient descent in machine learning with clarity and detail. with detailed explanation.,20,18,2,explanation
Kindly Explain the working of gradient descent in machine learning with clarity and detail. while maintaining clarity.,kindly explain the working of gradient descent in machine learning with clarity and detail. while maintaining clarity.,20,20,0,explanation
"In a very detailed manner, please Explain the working of gradient descent in machine learning with clarity and detail. and explain each step carefully.",", explain the working of gradient descent in machine learning with clarity and detail. and explain each step .",27,20,7,explanation
"With proper explanation, Explain the working of gradient descent in machine learning with clarity and detail. with all necessary details.",", explain the working of gradient descent in machine learning with clarity and detail. with all necessary details.",23,20,3,explanation
Please carefully evaluate the scenario and provide a logical step-by-step answer.,evaluate the scenario and provide a logical step-by-step answer.,14,12,2,reasoning
Please carefully Please carefully evaluate the scenario and provide a logical step-by-step answer. with detailed explanation.,evaluate the scenario and provide a logical step-by-step answer. with detailed explanation.,20,16,4,reasoning
Kindly Please carefully evaluate the scenario and provide a logical step-by-step answer. while maintaining clarity.,kindly evaluate the scenario and provide a logical step-by-step answer. while maintaining clarity.,20,18,2,reasoning
"In a very detailed manner, please Please carefully evaluate the scenario and provide a logical step-by-step answer. and explain each step carefully.",", evaluate the scenario and provide a logical step-by-step answer. and explain each step .",27,18,9,reasoning
"With proper explanation, Please carefully evaluate the scenario and provide a logical step-by-step answer. with all necessary details.",", evaluate the scenario and provide a logical step-by-step answer. with all necessary details.",23,18,5,reasoning
Classify the news article into appropriate categories with detailed explanation.,classify the news article into appropriate categories with detailed explanation.,12,11,1,classification
Please carefully Classify the news article into appropriate categories with detailed explanation. with detailed explanation.,classify the news article into appropriate categories with detailed explanation. with detailed explanation.,18,15,3,classification
Kindly Classify the news article into appropriate categories with detailed explanation. while maintaining clarity.,kindly classify the news article into appropriate categories with detailed explanation. while maintaining clarity.,18,17,1,classification
"In a very detailed manner, please Classify the news article into appropriate categories with detailed explanation. and explain each step carefully.",", classify the news article into appropriate categories with detailed explanation. and explain each step .",25,17,8,classification
"With proper explanation, Classify the news article into appropriate categories with detailed explanation. with all necessary details.",", classify the news article into appropriate categories with detailed explanation. with all necessary details.",21,17,4,classification
